{"eval_loss": 0.7398331514501562, "eval_acc": 0.7198690403110293}
