{"eval_loss": 0.3279599270554864, "eval_acc": 0.8905151025425079}
