{"eval_loss": 0.8548498682107648, "eval_acc": 0.6367634124890061}
