{"eval_loss": 0.8546742323530439, "eval_acc": 0.6211018711018711}
