{"eval_loss": 0.5542314173696048, "eval_acc": 0.7916727752528955}
