{"eval_loss": 0.5143633538120851, "eval_acc": 0.8252886201209456}
