{"eval_loss": 0.9605741850758418, "eval_acc": 0.6217798594847775}
