{"eval_loss": 0.9589990439124116, "eval_acc": 0.6021256931608133}
