{"eval_loss": 0.7053904545176842, "eval_acc": 0.7595002602811036}
