{"eval_loss": 0.597904403275306, "eval_acc": 0.8023618973257857}
