{"eval_loss": 0.9069434622691799, "eval_acc": 0.6611418047882136}
