{"eval_loss": 0.4069256636026661, "eval_acc": 0.8616074477044591}
